{
    "utterances": [
        {
            "text": "rendi il cubo verde",
            "entities": [
                {
                    "entity": "shape:shape",
                    "start": 9,
                    "end": 14,
                    "body": "cubo ",
                    "entities": []
                },
                {
                    "entity": "color:color",
                    "start": 14,
                    "end": 19,
                    "body": "verde",
                    "entities": []
                }
            ],
            "traits": [],
            "intent": "change_color"
        }
    ]
}
